{
  "lag_2": 0.1826404184103012,
  "lag_3": 0.12982894480228424,
  "lag_4": 0.1277787834405899,
  "lag_1": 0.10796904563903809,
  "confirmed_cases": 0.10238148272037506,
  "month": 0.07329549640417099,
  "epi_week": 0.0647803470492363,
  "epi_week_cos": 0.06049790233373642,
  "epi_week_sin": 0.0514875203371048,
  "is_endemic": 0.05090474709868431,
  "rainfall_lag8": 0.027136271819472313,
  "pop_density": 0.021299107000231743,
  "temp_lag4": 0.0,
  "humidity_lag4": 0.0
}