{
  "confirmed_cases": 0.142591552419401,
  "lag_1": 0.14212147373973608,
  "lag_3": 0.12490800746554517,
  "lag_4": 0.1129869871935902,
  "lag_2": 0.10801923552067812,
  "epi_week_cos": 0.06865685741523977,
  "epi_week_sin": 0.05998025961270365,
  "epi_week": 0.05658366064829857,
  "month": 0.052853815471457434,
  "temp_lag4": 0.03763574740403773,
  "rainfall_lag8": 0.025099364068279614,
  "is_endemic": 0.024426461373445483,
  "pop_density": 0.023987367554539233,
  "humidity_lag4": 0.020149210113047777
}