{
  "version": "5.0",
  "algorithm": "XGBoost (Native JSON format - no pickle issues)",
  "features": [
    "confirmed_cases",
    "lag_1",
    "lag_2",
    "lag_3",
    "lag_4",
    "rainfall_lag8",
    "temp_lag4",
    "humidity_lag4",
    "pop_density",
    "is_endemic",
    "epi_week",
    "month",
    "epi_week_sin",
    "epi_week_cos"
  ],
  "training_period": "2018-2022",
  "validation_period": "W52 2022-2025",
  "test_period": "2026 W1",
  "last_trained": "2026-07-22T22:47:01.968250",
  "metrics": {
    "Validation": {
      "PR-AUC": 0.16666666666666666,
      "F2-Score": 0.0,
      "Sensitivity": 0.0,
      "Specificity": 1.0,
      "Precision": 0.0,
      "ROC-AUC": 0.8611111111111112,
      "n_samples": 37,
      "n_positive": 1
    }
  },
  "feature_importance": {
    "is_endemic": 0.17720425128936768,
    "lag_1": 0.11882196366786957,
    "month": 0.09017252922058105,
    "epi_week_cos": 0.08837403357028961,
    "epi_week_sin": 0.0862780213356018,
    "confirmed_cases": 0.08140512555837631,
    "epi_week": 0.06995391845703125,
    "lag_4": 0.06883753091096878,
    "lag_3": 0.06642402708530426,
    "lag_2": 0.05198853462934494,
    "rainfall_lag8": 0.05106746405363083,
    "pop_density": 0.04947257414460182,
    "temp_lag4": 0.0,
    "humidity_lag4": 0.0
  },
  "platt_scaling": false,
  "data_sources": [
    "NCDC",
    "CHIRPS",
    "WorldClim",
    "NPC"
  ],
  "note": "Saved using XGBoost native .json format to avoid pickle/use_label_encoder issues"
}